"X1","X2","Y"
1.14120771684734,-0.202050492724423,1
1.40761475516339,-0.315900920480273,1
-0.920014089675821,-1.69686347841835,1
0.305173731348726,-0.602954671512313,1
-1.66686031686255,0.273425626342715,1
-2.13021058711642,0.378568935240573,1
1.84762201111394,1.18051069234542,1
-0.232428851597008,-2.0087510161575,1
-1.41957603159057,-0.458626489352737,1
-0.377812586309868,-0.834294341404821,1
-0.0197983852645117,0.664672364091058,1
-0.142444460528036,-0.672325790015533,1
-0.322949519428989,0.568691992507107,1
-1.36975009396942,-0.636167149013238,1
0.698986948563331,-0.345178359547296,1
0.847468128582667,-0.15266735301055,1
1.65603277619874,0.872486986918921,1
0.928339056356497,0.777092598456417,1
-1.17763330507699,0.628230675960443,1
-1.32830923822816,-0.238979842661366,1
1.17137109821811,-0.546372806924094,1
-0.647712953581814,-0.168443410650601,1
-1.00648887155554,0.557657950187453,0
-0.816595141692445,0.286154975499216,1
0.430487940080906,-0.0877700282900235,1
0.49413923005077,0.329795468392539,1
-0.678608683991889,-0.382368089735416,1
1.38912338723045,0.778470444662382,1
-1.98056180358073,-0.545487204415297,0
0.757676451325788,0.719933041794994,1
0.286665816497438,-1.36657571344801,1
0.478197146406096,0.504080282239411,1
-0.879462161058761,-0.677297436256357,1
1.35642089593479,0.227722578378718,1
-0.490139134263016,-0.116084826949452,1
-1.343410662091,1.25058286612517,1
1.80920950337418,-0.228822359852323,1
-0.675932242345293,0.0506543733243232,1
0.385499220593843,-0.500253421334224,1
-0.228879506878996,0.269807404927135,1
0.0910840942643146,-0.968899360551121,1
2.05659120765012,0.316150956956354,1
-0.931801418487365,0.631373386048852,1
-0.25376843793142,1.01955610510909,1
2.15259634649837,-0.49001268522841,1
0.529678852925165,-0.204263569943992,1
-1.11431136230083,-0.382120319284341,1
0.594763769098308,-1.47877129385892,1
-0.187084412304415,1.24638276932578,1
1.2247467919121,-1.9250885917752,1
0.293643458835204,0.00420526755517935,1
1.25445217166406,-0.601931459622456,1
-1.90804379061643,1.26925326973803,1
0.38457696372444,1.46776405715317,1
0.695020694849941,2.05235327099323,1
1.63494710884519,-0.22061100595622,1
0.118092983132029,-0.23354615850265,1
-0.459972670656857,-1.18552746940337,1
-0.163021016783107,-1.30994122511006,1
-1.00731375203088,-0.040791516776476,1
-0.705387853349937,-0.243505867213073,1
-1.46843767238531,0.762085596828162,1
-1.2308483782365,-0.0313035856225155,1
-1.02810021883188,-0.645112687093785,1
0.855358933912295,-2.44952891219606,0
-1.00302362936708,-0.604212252048943,1
1.14435306817111,0.120641225179019,1
-1.42268123210833,0.37415731921367,1
-1.17544420234443,1.06163645874481,1
-2.22013937427422,-0.137165186333366,1
-1.42150379997018,1.56207964553304,1
-0.0138015441242573,-0.156335008158602,1
-0.0732027995932776,-2.06919325555805,0
1.12498649092475,-0.165373465964651,1
0.431215479332523,-0.481315265365876,1
-0.805692943363097,-1.20583535208828,1
-1.05878305954957,-0.25753164947569,1
-1.49401296103062,0.143631414644073,1
1.26072960209416,-0.836576462175471,0
-1.70035073783799,-0.855155561462078,0
-0.147342305618027,-0.523794192722796,1
-0.460345859519248,1.88974073926681,1
-0.514541485482633,0.679360883414884,1
0.535681424739345,0.334481082493668,1
0.601780226867598,2.4231313841502,1
1.16280238676066,-0.282171900054606,1
-0.748690602179881,-0.213814613102479,1
-0.302173248816945,0.343194195157554,1
0.446650544288172,-0.990860751066439,1
-2.65844238488288,-0.373092705910699,1
1.4930617756803,-0.297404169601371,1
0.299489532120142,0.773429240260223,1
0.291028875919013,-0.0803523040271435,1
0.870113175124682,-1.66384242102074,1
-0.983117264085527,-0.205740433536966,1
-0.296191725403676,0.0216082317172069,1
-0.864412024424665,1.05219367734793,1
-0.468831352643797,0.161535304293575,1
-2.12293979175775,-0.223980929399202,1
-0.334415434618274,1.45049801279014,1
-1.528012376334,0.215726738016848,1
0.24942174886287,-1.1789730912364,1
-0.0901743129195949,-1.56694328343512,1
0.343101017175956,-1.31994053750903,1
-0.0266006884952573,1.0443813958969,1
0.925563273746196,0.99281343833734,1
-0.127227816312577,-1.6371266817524,0
1.31635969993222,-0.25608668424396,1
-0.622441637392974,0.337269020155065,1
0.129729970621241,0.35890416032914,1
0.330092991373591,-2.62891453284159,1
1.35888410176952,-1.93435300441069,1
-0.825594055832613,0.420566292588476,1
-0.530609812450888,0.605486926345648,1
1.56274389316671,-1.19675651226916,1
1.23633382538173,-0.385167536797473,0
0.115108981929677,0.43126942955122,1
1.64989825081201,0.723765768316019,1
0.0532408008630741,0.486105157601499,1
-0.0180371611120625,-0.276773455112722,1
0.878996761950825,-0.439105261674389,1
-0.454726691556321,0.233387304214329,1
1.38740983797738,1.15889160661925,1
-1.77037817897886,1.25231630831453,1
0.452094749354905,0.453536874594428,1
0.305660477969365,-1.1962314549189,1
0.931738814283951,-0.249537591186554,1
0.456613326156896,-0.34945113048751,1
-1.36714001715738,-0.296380619822563,1
0.213966974026036,-0.143439012049653,1
0.824089009888183,0.163993425351488,1
-0.657440795603901,-1.14275653066954,1
0.64592203814567,0.488502847014668,1
-0.0584000126787873,0.0468506927361025,1
0.779288412525667,-1.25753586849423,1
-1.35272999063218,-1.78098816259223,0
1.92663845211633,0.728913390256213,1
2.07264634096138,-1.73612233093934,0
-0.29329824481387,0.663385952530111,1
-0.627173270687572,-0.162704637905189,1
0.0591015043915246,1.84105869278894,1
-0.515363392009109,-0.614379441468446,1
0.382386902923621,2.69463279688944,1
-1.32154481611201,-1.59912672611964,0
0.608400742744297,-1.66522693095414,0
-1.75004801910856,-0.877864603221592,1
0.115617953083063,-0.5185313352427,0
0.945693000305237,0.641517959305573,1
1.21238571444059,-0.872658248765727,1
0.397945981524979,0.0883533766657328,0
0.534979138457492,-1.52178514132958,0
0.111840660426645,-0.306740236371123,1
-0.948888869098405,0.969396063671837,1
-1.20690854434454,0.555546378016242,1
-0.961520549097616,-1.18731687185762,0
-1.09989609729849,0.00658666825130989,1
-0.113232407703742,-2.10698421858923,1
-1.05831323909911,-0.926169125297174,1
0.670998670092926,0.327695852633913,1
0.611466442810935,-0.765106896909058,1
-0.316575400926515,-0.534224113192019,1
0.340040479834549,0.105629336920344,1
0.935287366436363,2.2696831569615,1
0.603857361878344,-0.0639339507916281,1
0.282961780692697,-0.700252804805628,1
-1.21230901749176,-0.152100812541515,1
-0.360849298821603,0.657672380041633,1
0.182241390540019,0.115166472044708,1
-0.618231280021312,-0.442602477556104,1
-0.804992687271708,0.863035532775906,1
-0.249276482210692,1.28992716923493,1
1.46196936139479,0.666486767037842,1
0.0510759157866228,-1.00545169980015,1
0.815101144729511,-0.230435879659725,1
-0.534158066809902,-0.895977571569932,1
1.01532693913933,-0.245633438427338,1
-1.34985630200299,-0.486160120047373,1
-0.914151432694976,-0.556160775795317,1
-0.466688430977537,0.873226732560344,1
-1.68293263030333,1.85601795981501,1
1.9674801829074,-2.51312669752482,0
-0.0671183294139938,-0.94484299672453,1
-0.59590617020522,-0.0643577897144949,1
-0.430632043920498,-0.270986638326333,1
0.907457437751016,-0.424995704351482,1
-1.26255795171415,-0.643505026022615,1
0.401680870916322,0.228221199945008,0
-0.623657605638431,-0.217733903901078,1
-0.69597463776509,-1.91666801582857,1
-1.66188962247793,-1.83169361540728,1
-0.259577538908896,0.2493058519084,1
-0.293888671768889,0.251182483506702,1
-0.288775268861339,-1.02608055900245,1
-1.02693147295329,1.10339311634025,1
0.13687307074122,-1.36110269594041,1
-1.15662701085832,-0.993038328131661,0
0.816944498319401,1.39847709239903,1
-0.15179557705943,-1.78616405514755,1
0.0559717934165768,0.751405431366383,1
1.55561826025128,-1.58869818263418,0
-1.35895541629145,1.22033143206284,1
0.201944014329884,0.266994640953964,1
0.335765548674805,0.951313846884506,1
0.759072530280954,-1.32189556354564,1
-0.0376008116977746,0.662655924488796,1
-0.29851964084989,-1.03317123787045,1
2.4587690705329,-1.34553443595937,0
1.18337457315518,0.53830428309542,1
0.0213632616090858,-1.87902345852663,1
-1.0826166169613,-1.10100218122271,1
-0.570542506087907,-0.807199895025857,1
-0.540489812822246,-1.01148865661037,1
0.326467921096679,-0.673898680734071,0
0.328515115755808,-0.171308304925193,1
-0.182706319748476,0.0818168360921482,1
-0.459293276941003,-1.29832055145075,1
-0.141954972490493,0.265684943599729,1
0.157461270523512,0.0935180842305365,1
-0.807276082410245,-0.265679882173506,1
-1.55742571534712,-0.839527471318139,1
1.75147242182038,0.24697393205763,1
-2.49545882584824,0.315169770790876,1
-0.346208908207417,-1.28817502611142,0
-0.0992977621892,2.43131418531604,1
-1.29398318559876,-0.16776859160005,0
-1.58321367050146,1.74699555881855,1
-1.6167424131269,0.16114394485944,1
0.875936829804103,-0.588202189954162,1
0.0986714512529728,0.899674339227733,1
-0.191830473480192,-0.348446485575896,1
-0.565675267952271,0.759913009112484,1
-0.849071358467204,0.812505343417641,1
-1.05170693421785,1.45954423317861,1
0.238141945339658,-1.57429292616845,1
-0.772444199186634,-0.516893737484479,1
0.291203127273374,-2.47516627123609,1
-0.0875060401153367,1.15096634317635,1
0.200315092769476,0.6269879930458,1
0.586628206646982,-1.94263222533414,1
2.48663911283355,0.384550584525789,1
0.585694530208656,-0.088272013493094,1
-1.15366603186052,0.433059829341995,1
0.497490862379042,-0.671506696106719,1
-0.353392496651646,0.0370403554287787,1
0.29708667401821,-1.97563854796295,0
0.40677880886141,0.600535994864388,1
0.606970090695481,0.670242196953683,1
-1.58643842777004,-1.74109316457932,0
-1.19235293400624,1.56384657971121,1
-0.902360344900045,1.22951584032183,1
-0.0668448854452771,1.20097294177745,1
-1.2508256090677,-1.84108336666912,1
0.794253439901385,0.751469918488449,1
-0.701818926089634,-0.933341497543059,1
0.155244478577839,1.62925734212986,1
0.108747500646363,1.67996415822463,1
-0.594412022485916,-1.01383487297497,1
1.24473447156653,0.972664776351861,1
-0.831858786916799,1.27888680403514,1
-0.667470417952088,0.003597237750799,1
-1.15094478491135,0.575230534896326,1
-0.823037572728242,0.70341613201631,1
-0.447698189290732,-2.02301539070635,0
0.471117708493892,0.00333341083371134,1
1.44252913668284,-0.191845111888933,1
1.3074026373486,1.82753039063788,1
0.0612252562659852,-0.0595465736645276,0
0.751393633091441,1.35353004258062,1
0.339716809527171,0.411394374919734,1
0.279688161525332,0.60702822235291,1
1.68896032274206,-0.793395181210498,1
0.21143572795969,0.345537276022404,1
1.00983312049271,-0.700295381504508,1
-1.10184382093846,0.486129968956378,1
-1.6234222424196,-0.623211082141488,1
-0.341586040396878,0.139729442914798,1
0.0782285952714452,0.0148917034186413,1
-0.31061515834096,0.571960506944134,1
0.863832771514137,0.179877108570523,1
0.583954983489478,-1.36323252859896,0
-0.0479566796435631,-2.10969188184094,1
0.845653661842852,0.96678087161995,1
-2.12826874925687,-1.62950408010444,1
-0.653525023320214,0.535871837555608,1
1.24958683676476,0.986361778035703,1
0.0168308771210151,-0.143077139840479,1
0.632110747335476,0.858708854660054,1
-0.386267107491277,-0.00685091624695949,1
-1.18874223045318,-0.36065384803323,1
-0.10835540583572,1.66209521136885,1
-1.13312919471702,0.838317459726236,1
-1.00872748875578,-0.823275702920204,1
-1.21889824782789,1.95179928411368,1
-0.751456873197383,-1.51452792369796,1
1.5355720374562,-0.8196488818043,1
-0.463844318136387,-0.822464915779807,1
-0.831917378767598,-0.187052313081609,1
0.581448944605524,-0.32266678108748,1
-0.774481333733907,-0.596892370456218,1
0.288892628400046,0.828630161222396,1
-0.580383837355728,3.08373687358021,1
-0.950122917916533,-0.35304551046144,1
0.100534478391346,-0.142271045711429,1
-0.0778471490261684,1.12950830043805,1
-0.29341499991303,-1.59457442888314,0
-0.244833715912316,-0.23613576948378,1
0.306200909141039,-0.836361586869906,1
0.308349158709696,1.75015954307167,1
1.14102629943503,0.564734055869877,1
0.212778571356231,0.759954782065655,1
-0.291824388028194,-1.72077709703331,1
-0.994155926664185,-0.836037834159327,1
-0.447791626967968,-0.778602964773942,1
-0.426389696623979,0.478905497890589,1
0.206570885196256,-1.05167819317005,1
-0.10448553696863,1.57598207022981,1
1.69796557550749,-1.05145816708373,1
-0.526989184588348,-0.447395853488718,1
1.21519301874832,0.490536129315021,1
0.12281275986107,0.099189414617155,1
0.497982740796189,-0.259349511587698,1
0.0744601082918695,0.747844119687852,1
1.89791902039523,0.483866025185872,0
-0.174865091295655,-0.368657500907369,1
-0.470114873908112,0.853539967210852,1
0.746266706342743,-0.25484785660709,1
0.172321938816192,2.43338230000253,1
-0.759797417902487,-1.32393753353376,1
-1.62421574858355,-0.293905229810447,1
0.681752429984915,-0.914608765391126,1
0.400615714994688,-0.212091573845797,1
0.294366633781225,0.117361409799514,1
-0.0273866853922057,0.410253036962316,1
-0.460604270186796,-1.27186582484349,1
1.95514216560599,0.691321794339588,1
1.21691078390002,0.510401434280334,1
1.33986894151004,0.764580044125607,1
0.796382624292024,-0.526871852089292,1
-0.561438355299282,-0.0378425127110126,1
0.86952012986645,0.116348132206621,0
-2.33093136561696,0.949134248016027,1
-1.2578844416625,1.40417233112564,1
-0.733961407114965,0.0808591809083558,1
-0.192604828809529,-2.15868544645814,1
-0.353637918872744,0.36120214647378,1
0.257289259741896,-0.516606326435921,1
0.118492745723368,-1.67420953864024,1
1.68453689839042,0.0421472006388539,1
-1.58499097877682,0.84455811244089,1
-0.676150716930035,0.517472644360327,1
-0.126185820703267,-2.18381728341166,0
-0.738722053755825,-1.10009243224366,1
-0.372295440607382,-1.27862684854351,0
0.205085263687713,-0.191848360007408,1
-0.0407754955897184,-0.480339882439349,1
0.684374149420573,-0.472670241071282,0
0.120746285664361,-0.313982810994923,1
-0.0323692157533662,0.142079019074524,1
-0.768474116592765,0.8931062906834,1
-0.644817024513779,-0.278302115546291,1
-0.96447969739597,0.478327936525444,1
-0.511568001444329,-0.0397553800807623,1
1.10158652349553,-2.17065296245709,1
-1.09776906296689,-0.964548100977395,1
0.371432824323293,-0.636143909166145,1
0.0525358491376025,0.15624626469528,1
1.67808787961325,0.546839464270347,1
0.0458462125952514,0.150395709375038,1
-2.0891338803003,0.709128068905487,1
-0.457366877121541,0.0909206395430926,1
-0.295720650948882,0.725596255053343,1
-1.20301910626467,1.78724219682516,1
-0.474423063794933,0.0829178751108468,1
0.00394651976646028,-1.64848063181424,0
1.14627015460108,0.789805394051501,1
0.0696088518350046,1.13661420831316,1
-0.398080086014362,-0.244346872868041,1
-1.35268038875492,-0.606795494033245,1
1.62613505386178,1.36085191083948,1
1.21424395332708,0.388114543489138,1
0.138837209810857,1.21551609024548,1
0.953094726173991,1.2127490724014,1
-0.0696472689275076,0.710595047962868,1
0.278774527503555,-0.334159418662502,1
-0.259898281197514,-1.57458225651386,1
0.149629761298987,-0.166000605449686,1
-0.592210398437691,1.32865604365799,1
-0.119570183014023,-0.34462143050048,1
0.741240102821534,0.175263987202338,1
2.13124320994223,0.793559625499867,1
-0.579094663232213,1.00561807838158,1
-1.02176941515799,-0.275143304974825,1
-0.925871318116444,-1.78205703832348,1
0.684063644065278,-0.540013213049511,0
0.27222949685065,0.418429511117158,1
-0.68669682167232,-0.431978173400056,1
1.12602003772242,-0.976516103380683,1
2.65259903030974,0.357646230118122,1
0.925871997378686,-0.94476387811033,1
-1.30095671428117,0.73769686960486,1
-0.799628075772313,0.487283503634286,1
1.71049291173541,-0.0622785888388304,1
-1.21545856289252,0.470062843535797,1
-2.52595247140948,-0.715775106471849,1
1.4152412319077,1.77237087186497,1
1.29794262875035,0.82360233377026,1
1.07343309573971,-2.00961561212318,0
1.11451015950904,1.05809149903091,1
1.31748256537845,-1.40750850585366,1
-0.592986199018157,-1.02616021166163,1
1.08392051970737,-0.913654017823086,1
0.31358957578833,0.998606404837832,1
0.267214911695985,-0.912903142721938,1
-1.20310925822866,-0.187448859653402,1
-0.997398457819798,0.0798211425323113,1
-0.0499483924643909,0.584863249347453,1
0.592906554210433,-1.30162370639232,1
-1.06522129902965,-0.103356621613459,1
-1.43651124947728,-0.524961874000228,1
-0.248143915222987,-0.618957939162122,1
0.715638719543192,0.581340691507743,1
0.226324283908799,-0.719276355599156,1
0.45439398305055,-0.601534407513692,1
1.58944570517687,-0.839415326622817,1
-2.45207464853117,-0.310947186913194,1
-1.88769592082281,0.577939652697719,1
1.28125238940297,-0.303207078432107,1
-0.274601430908798,0.592631828654925,1
0.874837634667223,1.53726193464473,1
0.135186905197864,0.948895199629776,1
-0.328576274368654,-2.7399122314736,0
-0.882585304055729,-1.54889833153031,0
-1.77545250161022,1.61722762930322,1
1.17560176535909,-1.03081248829526,1
-0.749208087346227,-0.363783693788983,1
1.51173240059999,1.33960161085481,1
-0.510877609235695,-0.946661645902747,1
0.41111004364606,-0.587908671626909,1
1.51891426309084,2.47541100588437,1
0.644047263002363,0.659562042388608,1
-0.496744613697659,-0.758883934897482,1
0.626259831849384,0.599480121776863,1
-1.90152711901301,-1.20631669864157,1
-0.518956343221662,0.750209716307673,1
0.250157890481338,0.629297376945857,1
-0.647902859751627,-0.309403004871209,1
0.726851044208464,1.18327906867357,1
1.98329399901663,-0.57086758319953,1
-1.4178571582927,-1.82800196134791,1
-0.688089191041567,-0.529784613244636,1
-0.253548857444119,0.178938459181333,1
-1.23812911170965,-2.24089785929289,1
0.0911175632650732,-0.678134924643902,1
-1.40442995519874,-1.34858848227975,1
0.540962646945557,0.505053173997155,1
0.8240220849459,-0.151858584152899,1
1.35757119843193,0.126086649222721,1
-0.37398355380282,-0.888578171372154,1
0.510386928587531,0.646431994407727,0
-0.10399299657267,-0.182261525458879,1
-0.692749359743661,0.609536262675821,1
1.81662902149892,-0.137073450496755,1
0.592124285336378,-0.818792401282714,1
-0.450287623547105,-0.094552725149901,1
-0.124185138460827,0.0870512137113544,1
-0.274768374980921,-1.71645056717959,1
-1.07503807174781,1.25740412706735,1
0.404151971233164,-0.0943911692916409,1
1.30329817289372,1.0420295959547,1
0.315922497129301,0.197553229088804,1
0.0543336987727162,-0.311705486377639,1
-0.680764120340283,-0.797331302282465,1
-0.386864755350821,-1.04821513584581,1
-0.129331221804137,0.735413182916428,1
-0.864077529232584,0.276134638174884,1
0.340040729940615,0.578242321725655,1
1.31398163642771,-0.539435107179966,1
0.0442016099070576,-0.0910747866688601,1
-0.0611494351437452,0.533305431715333,1
-0.0743376874659338,0.680157623892436,1
0.867686447923996,1.23853537705302,1
-1.43189621198811,-0.498745076526374,1
0.0651294578950413,-0.646530121064294,1
-0.463003917341642,0.796600288439525,1
0.624621776577134,-0.799115451910947,1
-1.64909953786773,-0.645072509626698,1
-0.349783217351203,0.586663210084569,1
0.341418805550046,-1.27038520330018,1
-0.285077787287708,1.00093896861977,1
0.605693308876693,2.19537378169679,1
-0.819618591915891,0.991224675650296,1
-2.4085920762782,-0.303042568531902,1
-0.637147352226413,1.66683042270516,1
1.81821781063489,1.16988654526238,1
-0.039285606451632,-1.28105890145308,0
0.864333297128186,2.38012803913273,1
0.381888634427462,0.18460099287714,1
-0.94425006948811,0.375383000502749,1
0.100742629832261,0.207426562547257,1
0.00617318595511191,1.99862694194343,1
-1.08016117329283,0.322567109101169,1
-0.251216966484807,-0.277226233407191,1
1.43325590086185,-1.60325575191516,1
-1.79551832291712,-0.258244924024175,1
1.61255243725599,-1.19626568511048,1
0.77719031166145,1.29864087902361,1
1.37009092096277,0.22777170889486,1
-1.96679759649025,1.62410634572453,1
1.3048566109656,0.669746426880705,1
-0.352724066781409,0.439380384394309,1
0.489885728757835,0.538676923449276,1
0.577121631014857,0.735825440170334,1
0.475705718559194,0.173020134485605,1
0.332439590486595,0.302101616096148,1
0.322865151661249,0.726409832778544,1
0.250549039397842,1.19462508717038,1
-0.586613505991826,-0.946569690529885,1
0.24253684774057,0.00785488342138651,1
0.184687474702323,-0.161343304858524,1
1.48007923805169,0.189270111758628,1
-1.28546884083215,-0.704074593508722,1
0.744943484236886,3.0321499324033,1
0.849584239680862,0.445432747065924,1
-1.89398885032472,-1.44569416405221,1
-0.117607009886132,-1.65033906411849,0
-0.332516624169541,-0.802507988019543,1
0.106656714526949,2.6327618227943,1
-0.350056243757552,0.249474194519104,1
0.0997645817838346,-1.22340737019164,1
-0.883261378147463,-0.128731722549658,1
-0.950563935347001,-0.636867187726967,0
-0.668735881146911,-0.123266288949215,1
-1.41476972093571,0.070042048638282,1
-0.0896416252130269,0.184773940088247,1
-0.447911815698494,-1.81626307766315,0
0.465296435694295,-0.697954898927093,1
-0.101316695420833,0.0115510240418811,1
0.0638464425474642,-1.03966799472296,1
0.458786006220547,-0.174820751838974,1
-0.754175357696979,-1.56780366223904,1
0.980532548331774,0.738180729683021,1
-0.229611415735304,1.37355926721349,1
0.543160511192199,0.947800759419676,1
1.22490265638496,-1.44077592887636,1
-0.763484434545531,0.762550754163811,1
0.339948554712722,0.419972855100218,1
-1.20631259212946,0.573091819998086,1
-1.6629340809631,-0.201015684998461,1
-1.10989549810614,2.0674790283675,1
0.333373595025808,0.904188182697829,1
-0.901976853818526,2.29709756116736,1
1.78304145879886,0.905421548121354,1
-0.102661129728609,0.763594371444766,1
0.726467309233989,-0.526525234882376,1
-1.16517292660384,-1.70493959180894,1
-0.619836584218037,-0.37571907599946,1
-0.10645459862265,0.802970261049781,1
0.0655812534370279,0.512709771156952,1
1.36853348376492,-0.316851259690513,1
-0.706620785034117,0.917760455536337,1
-0.468944980657097,-0.421884126661675,1
0.957917784199349,0.0584323080955372,1
-0.221572283657457,-0.108776592895543,1
-0.698263195995105,-2.05599980884306,1
1.10674196904917,0.0638469555571792,1
-1.95663346628009,2.14709352352841,1
-0.488530720234924,0.482312395252587,1
-0.229154693120521,1.60731668056718,1
-0.247483062661262,0.429413773775086,1
-0.423075112492481,-0.957322712345969,1
-0.100090222023708,1.04651209059872,1
-0.483611198003537,0.385742244134843,1
2.5601523079081,-0.762624396828538,1
-1.61166133787609,-0.0975380440189167,1
-0.420484456040891,-2.32350818659202,0
-0.268450547269093,-1.34255379945652,0
-0.788949669665918,-1.54584706218433,0
-0.26541387107234,-0.968419086900794,1
0.435247025524043,1.65756139127127,1
-1.40369914006218,-1.16901888182402,1
-0.320567076558379,1.89604651806163,1
0.366008552846171,-1.03775607943638,1
0.313871326317845,-0.404478264592273,1
-0.476897058357643,-1.11087122996229,1
1.00028000364699,1.27591415250883,1
0.466360080299417,0.804799542833654,1
0.284532362507585,0.580569076445547,1
-1.1051051838502,-0.884728773725783,1
-1.94122108596305,2.18819371374173,1
-1.50782215395645,-1.75538854890935,1
0.537225419185023,0.534625194933448,1
-0.655109104974422,1.10650953570257,1
-1.25119131359648,-0.162633231668823,1
0.283169974328167,2.69453774411237,1
-2.11153763061795,-1.8149352392482,1
-0.839014299041688,-0.357077334728667,1
-0.275364576310078,-2.50268313054501,0
1.49294390081485,0.566605689168056,1
-1.43718589328917,1.45272976055921,1
0.0624666390026317,0.0622939451912337,1
2.41059400929513,-1.54776328828142,1
-0.964110787699387,-1.20811661636951,1
-2.39332946173579,-0.135653669741702,1
-0.217672770698911,-1.1029956642005,1
-0.632296624701143,-0.0908436595900836,1
-1.24358887898513,-1.48102803831586,0
0.511334790217394,-0.419163500230339,1
1.02945021291076,-1.56337472820474,1
-0.701852323477195,-0.952935655876605,1
-0.103654909732203,0.159808060709389,1
0.711017349216843,-0.0937400098167145,1
1.82401614125937,-0.923311626168793,1
-0.21727619235843,0.874350095033697,1
1.7509313692441,0.634200350355283,1
0.794165984326405,-0.268822740242871,1
-2.27092956300566,-1.94626538152376,1
0.835287141821407,0.372548776942665,1
-0.908663567593999,-1.4004632261542,1
-1.86744195686844,0.413694675609971,1
-0.934519730741544,0.445463614361266,1
0.450339710475832,0.417280444545456,1
-0.305511060703748,0.417122082452241,1
-0.868680805090566,1.14732070071252,1
0.627063842034994,0.599796068364192,1
0.381823325552782,-0.384512901062651,1
-0.702730773078303,0.698624807488646,1
0.613836119371987,0.553633374335591,1
-1.7393143237682,-1.22238827908677,1
2.42036071165233,-0.238055774942975,1
0.672014282602829,-1.24627283680351,1
-1.2495669826908,0.674453094430698,1
0.21911872755941,0.91804429062529,1
0.663533774139068,-0.526210468874994,1
1.05343779302672,-0.56974114071382,1
0.164548606516714,-0.376678833747566,1
0.471601045909349,1.47873909148772,1
-0.29363595652341,-0.753706859708865,1
-0.509988155908305,-0.945441396838312,1
-1.67450104669551,-0.680210819884178,1
0.3574305557414,0.267253254894675,1
1.14095582889273,-1.08763136994484,1
1.62345217223543,1.01724954754542,1
1.42245062968746,-0.438354676843144,1
-0.692235277482417,-0.777666395010417,1
0.23541549906806,1.53331636636773,1
-0.178226883831765,-0.937496434832448,1
1.24197566122378,-0.17302516137381,1
-1.2716894405102,-0.772710218367252,1
0.0350884151624466,2.87124537483642,1
0.0622384460531979,0.673677313591825,1
2.10769787125147,-0.77821788966611,1
0.94014714249895,0.464618534754952,1
0.710640758915981,0.422104910290928,1
0.480110423061938,-0.370743993807507,1
-0.0645109795969982,0.637325884541267,1
0.734491112377393,-0.047105839170019,1
-0.0348746379000338,0.332078275276327,1
1.23236874401167,-0.190685661428401,1
0.307207043465489,0.715458013868724,1
1.33645030323334,-0.0103232573658055,1
0.912431985771662,1.18387155878956,1
-2.31942832521267,-1.3832505944908,1
-0.709406277075599,-0.611814266985831,1
0.407852607310917,-0.707143608089837,1
2.11134212846145,1.33705400273784,1
-0.507369829142013,0.389374843489823,1
-0.272829720689661,2.47840647926225,1
0.427549721733532,-1.04662425004333,1
1.15752376155947,-0.575617754304351,1
-1.19443660463188,0.985234749682855,1
-0.735973569593281,1.04419109337236,1
0.560518387769836,-0.218520632767967,1
-0.586449979279347,0.110074238603438,1
-1.22063836433612,-0.64321705573084,1
-0.783754956214147,0.331808743339721,1
-0.722809502249528,-0.791019675426128,1
-0.476236794218234,0.722662748640184,1
3.20357525982567,0.489602226459666,1
1.04613334353245,1.99326844709559,1
-0.766375039893929,0.0993070698069191,1
1.20292278306685,-1.67934119493156,0
2.52636271073933,-1.29941713571108,1
0.170230715795482,-1.35167402252188,1
-1.29927536073704,1.20848264281683,1
0.369170834190912,-0.695490665487302,1
0.0389787921718296,-1.44935716473579,1
0.442989367258558,0.129672574604649,1
-0.224316273929623,-0.689114530966497,1
-1.51180006883955,0.476089554892449,1
1.93617854156223,-1.23169907436258,1
2.45474793810603,0.924405398293836,1
-1.54538842707543,-1.68502548650319,1
0.951356539418604,0.0915602071279641,1
-0.408428722728749,-0.891755715205179,1
0.410177408012079,-0.616746852000592,1
1.68187390392597,-0.944664271999596,1
1.01185621207264,-0.201931229632765,0
0.96395846389737,-0.726179731245097,1
1.16707522245417,-1.18479779912467,1
0.202867977527341,-0.652394145762164,1
-0.451927208317036,0.181971416644098,1
2.07118347645699,-1.44195292806441,1
-0.2091593883523,-0.738374506122892,1
-1.35233619068006,0.708964468507564,1
0.138249501741152,-1.18533978417198,1
-1.6360232687,-2.59994380569729,0
1.48262653473629,0.790768307660794,1
0.173472672551026,-0.07680126244279,1
-0.720056107841047,-0.374468303817551,1
0.481044910183684,-0.332830641673579,1
0.19096087645766,-2.88393250533546,1
0.673797313905008,1.38958667992895,1
0.300265571133173,0.760140531401828,1
-1.2615075008682,2.20544124815822,1
0.30984401943179,-0.785661327832075,1
0.898743884710231,0.750322782260667,1
2.10095879158375,-2.11009623189554,1
-1.38897517570901,0.782549801096087,1
-1.9293014739835,-2.22826027107569,0
0.170299843943249,1.5893400508688,1
-1.37466641118058,-0.325126427546811,1
1.26850144987228,0.869694855507605,1
1.69499721260532,-2.48323209799251,1
-0.33513194345112,0.154894382848993,1
-0.89424077198844,-1.22343748481905,1
-0.612285834388489,-0.890885147643762,1
-0.632691769949579,-0.112892557090341,1
-0.249606835639562,1.62555107896667,1
0.772599455639314,-0.488482603509032,1
1.8457093142484,1.27154001277045,1
1.16059037128089,0.177134241821991,1
-0.671993257691009,1.55097480160784,1
0.618860758197575,0.372929107409057,1
-0.35675521962442,-1.60004162967665,0
-0.20830820135262,-1.33261749303917,1
-0.316597741493355,0.339091229098506,1
-0.775360380653802,-0.93463579425252,1
1.31645050359683,-0.322282840218473,1
-2.00275502961798,-0.704130566833367,1
-1.5455587655377,-0.679835153986202,1
-0.291221438198749,-0.591301757865801,1
1.24866571822967,0.358503549438487,1
-0.827354650339051,0.183288027812882,1
-1.19412288579342,1.68534242829725,1
1.95631472080713,-1.24401242649356,1
0.570199169333902,0.710162437750734,1
0.505440365619435,0.722038866168498,1
0.514044438734643,1.18159570150053,1
-0.617253816518575,0.0716221901139959,1
0.879818137054637,0.988275046335705,1
-0.240442922290095,1.49285122343605,1
-0.89108185046422,-0.399973162184983,1
-1.72776343300496,2.47693517102711,1
0.849337568981848,1.03136438218302,1
-0.202119609314251,-1.5046745048632,1
1.13768000435277,-0.89844951669425,0
0.054750277904565,0.071546045866939,1
-0.00215470100633063,-0.472971873921666,1
-0.578786878095493,-1.93853339074206,0
-0.0149176273259538,0.0803981113475118,1
0.0577226591622434,-0.693601291268151,1
0.721439596092811,-0.187816204547497,1
0.673725337106505,0.882041416159346,1
-0.000199724753393542,-0.137764751326344,1
-0.809614725812701,-0.324784156267194,1
0.318206397276035,0.719191850326936,1
-0.760391221606291,2.20623898773917,1
-0.343904831492388,1.34256039384138,1
0.227026125923732,-0.342373061459508,1
0.104628977481389,0.517830929963076,1
-0.318389527057071,1.17078290178301,1
-0.277721031305837,-0.0540747951096622,1
-0.680044466449459,0.0159024501827001,1
-0.449935865003574,-0.710057031261432,1
0.634622797971962,-0.457939830641251,1
0.152428771404714,-0.375758315155919,1
0.235290098129021,-1.43926147438596,1
-0.511809972298164,-0.947645798534938,1
-0.0866209384622889,-0.815119164711755,1
-1.16607947981022,-1.20171285018848,1
0.836453582217591,-1.03357794505143,1
0.76303720499247,0.911522775312238,1
-0.991806143854901,-1.02184967755468,0
-0.387038492951838,0.530833938316445,1
1.08558918174007,1.65651896652466,1
-0.906258216754415,1.57406595066967,1
-0.127430418745304,-0.461364589403858,1
0.0614769925378784,-0.4808181751087,1
0.0155857642589009,0.736446558169931,1
0.836517234808707,-0.585566839521592,1
-0.203802120172352,1.41530928525531,1
-0.118049898966169,0.829883519958136,1
-0.699404628722912,-0.570118175651607,1
-0.80859280278388,-2.41462749527529,0
-0.779491560466679,-0.395261006434834,1
0.0292519904390103,-1.447197324411,1
-0.0855696482009045,-0.276723504116641,1
0.524054411710874,-1.34205905714228,1
0.104594847268762,0.0100344745376499,1
-1.89468388452371,0.949933355365962,1
0.229396900188138,1.11749531174584,1
0.48435729551487,-0.0364151336206561,1
-0.412662870428188,-0.302665620315371,1
-0.440316931949647,-1.53722055026238,1
-2.32655963277124,-0.384559466296289,1
-0.867249163642623,0.736506246559845,1
-0.970186263750073,0.1332317289867,0
-0.562202476594363,0.701440761307392,1
-0.242882507405258,-0.3952819802748,1
-0.094273029841409,-0.723701068463444,1
2.24027971959877,0.85365028758183,1
0.253724840429921,0.449116115169389,1
-0.453108307044127,-1.18499052401029,1
-1.02834651442195,0.67282515984968,1
0.00654709396218539,-0.655700875546865,1
0.165441854392694,0.29479552621463,1
-0.930615149336319,2.46866356620541,1
-1.17613404184764,0.0179260861800402,1
0.0287742446028343,1.1969247621909,1
0.856685885752728,-1.04760757780011,1
-0.268479232257692,1.11773679002526,1
-0.204081645876365,-1.70100830577864,1
0.268864195389111,0.830626960898585,1
-0.398222294454032,1.73565766616359,1
-1.91690535129583,-0.926053013615512,1
-1.76046187864891,-0.745328760761488,1
-1.11908600639124,-0.909057692481999,1
0.817012125387577,0.57166830892592,1
-0.174865591764128,0.939222422096538,1
-0.104711438022424,0.0781105493023838,1
-0.00941848241714904,0.44083683266267,1
-1.12536221830397,-0.0182036593558783,1
-1.20061853596894,-0.088977731138301,1
1.00812525781722,-0.875056516140875,1
-0.666059999326057,0.240226299287842,1
-1.03166867120437,-0.76069645355077,1
-0.354634210031332,1.19851058043823,1
-1.25597954632169,0.328408076762244,1
1.15990771933514,0.0157233951835322,1
0.221681508936173,0.359362749108061,1
0.85940263374872,0.341387818118342,1
-1.66878788789026,0.858139962427178,1
1.07133236777543,-1.19972324693631,1
-0.280771198403012,1.32027970231325,1
-1.26700006742821,-1.10534907896971,1
-0.868452389131087,-0.126255185288865,1
0.163802348791363,-0.571071773358129,1
-1.68609736207805,-1.10390037402008,1
0.753507720919926,0.223539064274207,1
-1.41418200725271,-1.45737288935763,1
0.544927837237805,-0.0181237793040581,1
0.374517166410783,-1.26646041659131,1
-0.117832796174025,1.99025686865233,1
0.290237668061111,-0.0502995422433761,1
1.00987881191297,-0.488448938602748,1
-0.900670291428286,1.8554131218511,1
0.00323416417557343,-0.872249952759548,1
-0.543277932262565,-0.85846589378281,1
0.12060423284406,0.514641776858831,1
-0.705297484893456,0.213779092570582,1
0.375135547553281,0.528920427537164,1
1.36289009128501,-2.20853955660762,0
0.376322660637301,-1.51827406813008,1
-0.288014947850862,1.35767733244547,1
-1.17951089424959,-1.36375648204582,1
-1.98555868789496,0.154967679471042,1
0.228174542418702,-1.32359919559148,1
1.27999419020139,1.48393152912773,1
0.905963268783212,-0.125430218534061,1
0.222648421628813,-0.196214191046405,1
1.13384507577117,-0.693290546169025,1
0.644559479667132,-0.161682066539299,1
0.403510879136068,0.450700570660224,1
-0.650091443496148,-0.340770970999318,1
0.0497904141363307,-0.119559440305356,1
0.456039757708087,-2.54507837273712,0
-0.715330596767219,-0.224964167088623,1
0.448363043029768,-2.95780217056376,0
1.69596662929621,-0.758771179945455,1
0.170042781299001,0.800336252905431,1
-0.67369344364438,0.698070911482024,1
-0.89668114334115,0.530110065844752,1
-1.22783434342165,1.98617641314,1
0.0952467144319669,-2.34386504736944,1
1.33206024020706,-0.61283017831368,1
0.730502418106309,-0.396214583348006,1
0.202314382076505,-2.177182707383,1
0.725056688186177,0.387814483505739,1
-0.241791119508786,0.291310026715782,1
-0.0675747725019344,-2.08004151661328,1
0.460050114972453,1.21924070102707,1
0.362937168636661,0.12364784942918,1
-1.02819553724969,0.222936084810504,1
-0.128506843062647,0.381597211629309,1
0.254802370765284,-0.113055365489931,1
-0.14104159901394,-1.18012995106951,1
1.41551517556535,-0.752501469487554,1
0.455283920935637,-0.930996768626652,1
0.242158643761953,0.157438040365986,1
-1.58605492343094,0.789335549651556,1
-1.9167821346259,1.19509291439884,1
0.0447775764116488,0.404631954607928,1
-0.383025479138999,-1.67614968910873,1
0.544489748706341,-0.662969111372352,1
-0.39890247503982,0.0513446957765466,1
-2.02695705245394,0.385188746960796,1
0.688216981617223,-1.33446608929367,0
0.0546890904936441,-1.44873947734346,1
-1.66491001933444,1.1168933120544,0
-0.681706155763567,-0.86459707971343,0
1.63942313236132,-0.0344801295113461,1
0.482416196698272,2.32236956795884,1
-1.35565042029542,0.19354583098983,1
-0.913195571597958,-1.46859281625688,1
0.182157754765684,-1.55792382839331,1
-0.611888317938293,1.75479587935005,1
-0.24912443108494,0.00573899017993884,1
0.862858785008194,-0.658280639006452,1
1.83263025777033,-2.36498459869722,1
-0.313656370684295,-1.86987067627538,1
-0.241112321002374,0.899576628139874,1
-0.291717599950467,-1.47287056085338,1
1.23514355013885,-0.0450091553374198,1
-0.933916703285162,-2.11403441966082,1
-0.132410712835731,-0.360684958991981,1
-0.325809497174476,-0.15528446064716,1
0.256787525799098,0.909185342424867,1
2.15132232712376,-0.0244715788388241,1
0.468342987678971,-1.37110323546289,1
0.471388949891391,1.27668092262049,1
0.118751898387504,0.115599919782096,1
1.6524097942438,0.479412869731422,1
1.13680190523397,1.93831251593397,1
-1.1738902244653,0.664767926081525,1
0.65364822760029,-0.760397498565659,0
-1.20723097814231,0.197111113657754,1
0.524818202583894,1.89658431155513,1
1.69803544569192,-0.072048620329433,1
0.018248175809629,0.3551122392661,1
-0.205283610723656,-0.834222840267137,1
-1.64672992917404,-0.744242112219103,1
0.758494897245443,-1.05194515948899,1
0.40452103377182,-0.182593975735576,1
-0.203800950664159,2.07012581722148,1
-0.219002699855223,0.602091520091839,1
1.09853943791068,0.930999224493365,1
0.0657588982086631,-0.578286009111708,1
-0.300559344824575,-1.5673574628066,1
-1.19967709873657,-0.485957297547923,1
0.0558894780410861,-0.313719611644356,1
0.753841098549098,2.0264761182541,1
-0.269325473159555,-0.0087188619283144,1
-1.30118948391117,-0.735260371741272,0
-2.64853040763911,-0.562369548358704,1
0.691824769768769,1.59364307783514,1
-0.18597369166136,-0.193165065154201,1
-0.112966454859082,-1.54572064439504,1
2.97682535616753,-0.130672405034521,1
-0.3747412402276,-0.34908489373178,1
-0.223989471634985,0.653725376631321,1
0.760736147056563,0.962184125765587,1
2.04507654638093,-1.02446740560006,1
-0.0780987013169573,0.266795335395583,1
-1.01746484474044,-2.91362930195112,0
-1.03394125365959,0.75196455591407,1
-0.839950913524206,-0.337191227877526,1
0.260851696052455,-0.201408404936729,1
0.610596930952282,-0.139803887946493,1
0.114022177480016,0.156527741477178,1
0.709556827075363,1.475050062556,1
-0.0238246903898696,0.327599494751074,0
0.221884882873524,-0.528281742009018,1
-1.08600589445415,-0.227318467059846,0
0.0353164178721869,-0.327793465952175,1
-0.411939422885904,0.53821273111495,1
-0.578560573141818,0.599448371944761,1
-1.16752622501538,1.80119097166996,1
1.26101610724545,-3.13620971774885,0
0.0128440954997464,0.168613377166232,1
0.487924167503157,1.08340401003041,1
-0.0410816451345794,-0.0756557250122531,1
0.384653433025215,0.778810636525863,1
1.19262712785317,0.69287586110303,1
-0.154553325573169,-0.168289750387162,1
0.129218794622308,-0.112294601415041,1
-1.90178363758734,0.433259167056599,1
2.26779911853425,0.00202522072662832,1
1.23978513772469,0.657676236754115,1
0.123717699216719,1.46631182154732,1
1.17622683062753,2.09294401028411,1
1.27855788423095,-0.298295689730553,1
0.162295216766005,-1.37080789792004,1
-0.889143444016085,0.196480898186079,1
0.733703156291332,-0.0099298123282828,1
0.311150139963998,0.334157190134434,1
-1.06720432796546,0.937800431774343,1
0.471580483404185,0.103126861497388,1
-1.69287196464254,-0.395407101104002,1
0.332746112726593,0.593112731559925,1
0.761286477970292,-1.32600136443706,1
